t,filename
0.0320,000000.jpg
0.3440,000001.jpg
0.7040,000002.jpg
1.0160,000003.jpg
1.3440,000004.jpg
1.7350,000005.jpg
2.0160,000006.jpg
2.3440,000007.jpg
2.6720,000008.jpg
3.0630,000009.jpg
3.3600,000010.jpg
3.6720,000011.jpg
4.0160,000012.jpg
4.3910,000013.jpg
4.6720,000014.jpg
5.0160,000015.jpg
5.3600,000016.jpg
5.7190,000017.jpg
6.0160,000018.jpg
6.3440,000019.jpg
6.6880,000020.jpg
7.0320,000021.jpg
7.7660,000022.jpg
8.0790,000023.jpg
8.3910,000024.jpg
9.0000,000025.jpg
9.8290,000026.jpg
9.9690,000027.jpg
10.3290,000028.jpg
10.6410,000029.jpg
10.9850,000030.jpg
11.3130,000031.jpg
11.6570,000032.jpg
11.9690,000033.jpg
12.3440,000034.jpg
13.0160,000035.jpg
13.4380,000036.jpg
13.7040,000037.jpg
14.4540,000038.jpg
14.8440,000039.jpg
15.0630,000040.jpg
15.3290,000041.jpg
15.8750,000042.jpg
16.0940,000043.jpg
16.3440,000044.jpg
16.6880,000045.jpg
17.0630,000046.jpg
17.3440,000047.jpg
17.7040,000048.jpg
18.0160,000049.jpg
18.4220,000050.jpg
19.0000,000051.jpg
19.6720,000052.jpg
20.3290,000053.jpg
20.6100,000054.jpg
20.9850,000055.jpg
21.2970,000056.jpg
21.6570,000057.jpg
22.0000,000058.jpg
22.3130,000059.jpg
22.6570,000060.jpg
23.0320,000061.jpg
23.6720,000062.jpg
24.0000,000063.jpg
24.3290,000064.jpg
24.6720,000065.jpg
25.0000,000066.jpg
25.3290,000067.jpg
25.6720,000068.jpg
26.6720,000069.jpg
27.0160,000070.jpg
27.3290,000071.jpg
27.6720,000072.jpg
28.0160,000073.jpg
28.3290,000074.jpg
28.6570,000075.jpg
29.0000,000076.jpg
29.3290,000077.jpg
29.6570,000078.jpg
29.9850,000079.jpg
30.3290,000080.jpg
30.7040,000081.jpg
31.0160,000082.jpg
31.3290,000083.jpg
31.7350,000084.jpg
32.0000,000085.jpg
32.6570,000086.jpg
33.3600,000087.jpg
33.9850,000088.jpg
34.2660,000089.jpg
34.6880,000090.jpg
35.0000,000091.jpg
35.3130,000092.jpg
35.9690,000093.jpg
36.3130,000094.jpg
36.6410,000095.jpg
36.9690,000096.jpg
37.3130,000097.jpg
37.6410,000098.jpg
37.9850,000099.jpg
38.3290,000100.jpg
38.6880,000101.jpg
39.0000,000102.jpg
39.3130,000103.jpg
39.6410,000104.jpg
39.9690,000105.jpg
40.3290,000106.jpg
40.6410,000107.jpg
40.9850,000108.jpg
41.6410,000109.jpg
42.3130,000110.jpg
42.9690,000111.jpg
43.2970,000112.jpg
43.6250,000113.jpg
43.9380,000114.jpg
44.2970,000115.jpg
44.9540,000116.jpg
45.3600,000117.jpg
45.6720,000118.jpg
45.9690,000119.jpg
46.3290,000120.jpg
49.9690,000121.jpg
50.3440,000122.jpg
50.6250,000123.jpg
50.9540,000124.jpg
51.2820,000125.jpg
53.9540,000126.jpg
54.3600,000127.jpg
54.9690,000128.jpg
55.2970,000129.jpg
55.6250,000130.jpg
55.9690,000131.jpg
56.2970,000132.jpg
56.6250,000133.jpg
56.9690,000134.jpg
57.3290,000135.jpg
57.6250,000136.jpg
58.0470,000137.jpg
58.2970,000138.jpg
58.6250,000139.jpg
58.9690,000140.jpg
59.2820,000141.jpg
59.6250,000142.jpg
60.2970,000143.jpg
60.9540,000144.jpg
61.6100,000145.jpg
62.2820,000146.jpg
62.9540,000147.jpg
63.2660,000148.jpg
63.6250,000149.jpg
64.3130,000150.jpg
64.9380,000151.jpg
65.6100,000152.jpg
66.3440,000153.jpg
66.6570,000154.jpg
66.9540,000155.jpg
67.2820,000156.jpg
67.6720,000157.jpg
67.9850,000158.jpg
68.2820,000159.jpg
68.7040,000160.jpg
68.9540,000161.jpg
69.3130,000162.jpg
69.6100,000163.jpg
69.9540,000164.jpg
70.2820,000165.jpg
70.6570,000166.jpg
70.9540,000167.jpg
71.2820,000168.jpg
71.6720,000169.jpg
71.9850,000170.jpg
72.2970,000171.jpg
72.6410,000172.jpg
73.0000,000173.jpg
73.2820,000174.jpg
73.6100,000175.jpg
74.0320,000176.jpg
74.2820,000177.jpg
74.6410,000178.jpg
74.9540,000179.jpg
75.6720,000180.jpg
75.9540,000181.jpg
